city,county
"Birmingham, Alabama",
"Huntsville, Alabama",
"Mobile, Alabama",
"Goodyear, Arizona",
"Glendale, Arizona",
"Phoenix, Arizona",
"Tucson, Arizona",
"Chandler, Arizona",
"Flagstaff, Arizona",
"Scottsdale, Arizona",
"Little Rock, Arkansas",
"Colton, California",
"Los Angeles, California",
"Fresno, California",
"Torrance, California",
"Oakland, California",
"Loma Linda, California",
"Riverside, California",
"Moreno Valley, California",
"Santa Barbara, California",
"San Jose, California",
"La Jolla, California",
"San Diego, California",
"Stanford, California",
"Sacramento, California",
"Orange, California",
"San Francisco, California",
"Denver, Colorado",
"Colorado Springs, Colorado",
"Lakewood, Colorado",
"Englewood, Colorado",
"Aurora, Colorado",
"Hartford, Connecticut",
"Farmington, Connecticut",
"New Haven, Connecticut",
"Newark, Delaware",
"Washington, District of Columbia",
"Miami, Florida",
"Hollywood, Florida",
"Orlando, Florida",
"Tampa, Florida",
"Jacksonville, Florida",
"Gainesville, Florida",
"Augusta, Georgia",
"Atlanta, Georgia",
"Macon, Georgia",
"Gainesville, Georgia",
"Marietta, Georgia",
"Honolulu, Hawaii",
"Downers Grove, Illinois",
"Oak Lawn, Illinois",
"Urbana, Illinois",
"Maywood, Illinois",
"Chicago, Illinois",
"Rockford, Illinois",
"Peoria, Illinois",
"Indianapolis, Indiana",
"Des Moines, Iowa",
"Iowa City, Iowa",
"Wichita, Kansas",
"Kansas City, Kansas",
"Lexington, Kentucky",
"Louisville, Kentucky",
"Shreveport, Louisiana",
"Baton Rouge, Louisiana",
"New Orleans, Louisiana",
"Portland, Maine",
"Baltimore, Maryland",
"Springfield, Massachusetts",
"Boston, Massachusetts",
"Burlington, Massachusetts",
"Worcester, Massachusetts",
"Detroit, Michigan",
"Royal Oak, Michigan",
"Kalamazoo, Michigan",
"Grand Rapids, Michigan",
"Flint, Michigan",
"Lansing, Michigan",
"Ann Arbor, Michigan",
"Minneapolis, Minnesota",
"Rochester, Minnesota",
"Robbinsdale, Minnesota",
"St. Paul, Minnesota",
"Duluth, Minnesota",
"St. Louis, Missouri",
"Kansas City, Missouri",
"Columbia, Missouri",
"Springfield, Missouri",
"Billings, Montana",
"Omaha, Nebraska",
"Las Vegas, Nevada",
"Lebanon, New Hampshire",
"Camden, New Jersey",
"Morristown, New Jersey",
"New Brunswick, New Jersey",
"Newark, New Jersey",
"Albuquerque, New Mexico",
"Albany, New York",
"Buffalo, New York",
"New York City, New York",
"East Meadow, New York",
"New York City (Flushing, Queens), New York",
"Manhasset, New York",
"Mineola, New York",
"Stony Brook, New York",
"Rochester, New York",
"Syracuse, New York",
"Valhalla, New York",
"Charlotte, North Carolina",
"Durham, North Carolina",
"Chapel Hill, North Carolina",
"Greenville, North Carolina",
"Winston-Salem, North Carolina",
"Raleigh, North Carolina",
"Fargo, North Dakota",
"Akron, Ohio",
"Columbus, Ohio",
"Toledo, Ohio",
"Cleveland, Ohio",
"Dayton, Ohio",
"Youngstown, Ohio",
"Cincinnati, Ohio",
"Oklahoma City, Oklahoma",
"Portland, Oregon",
"Pittsburgh, Pennsylvania",
"Johnstown, Pennsylvania",
"Philadelphia, Pennsylvania",
"Danville, Pennsylvania",
"Lancaster, Pennsylvania",
"Allentown, Pennsylvania",
"Hershey, Pennsylvania",
"Reading, Pennsylvania",
"Bethlehem, Pennsylvania",
"York, Pennsylvania",
"Providence, Rhode Island",
"Myrtle Beach, South Carolina",
"Greenville, South Carolina",
"Charleston, South Carolina",
"Columbia, South Carolina",
"Spartanburg, South Carolina",
"Sioux Falls, South Dakota",
"Johnson City, Tennessee",
"Chattanooga, Tennessee",
"Memphis, Tennessee",
"Nashville, Tennessee",
"Knoxville, Tennessee",
"Temple, Texas",
"Dallas, Texas",
"Houston, Texas",
"Fort Sam Houston, Texas",
"Austin, Texas",
"Edinburg, Texas",
"Fort Worth, Texas",
"Plano, Texas",
"San Antonio, Texas",
"Lubbock, Texas",
"El Paso, Texas",
"Galveston, Texas",
"Tyler, Texas",
"Murray, Utah",
"Salt Lake City, Utah",
"Burlington, Vermont",
"Roanoke, Virginia",
"Richmond, Virginia",
"Falls Church, Virginia",
"Charlottesville, Virginia",
"Norfolk, Virginia",
"Seattle, Washington",
"Charleston, West Virginia",
"Morgantown, West Virginia",
"Milwaukee, Wisconsin",
"Madison, Wisconsin",
